<annotation>
	<folder>train_images</folder>
	<filename>1.jpg</filename>
	<path>C:\Users\ADMIN\Desktop\dark\train_images\1.jpg</path>
	<source>
		<database>Unknown</database>
	</source>
	<size>
		<width>800</width>
		<height>533</height>
		<depth>3</depth>
	</size>
	<segmented>0</segmented>
	<object>
		<name>ambulance1</name>
		<pose>Unspecified</pose>
		<truncated>0</truncated>
		<difficult>0</difficult>
		<bndbox>
			<xmin>292</xmin>
			<ymin>197</ymin>
			<xmax>656</xmax>
			<ymax>406</ymax>
		</bndbox>
	</object>
</annotation>
