<annotation>
	<folder>train_images</folder>
	<filename>11.jpg</filename>
	<path>C:\Users\ADMIN\Desktop\dark\train_images\11.jpg</path>
	<source>
		<database>Unknown</database>
	</source>
	<size>
		<width>885</width>
		<height>498</height>
		<depth>3</depth>
	</size>
	<segmented>0</segmented>
	<object>
		<name>ambulance3</name>
		<pose>Unspecified</pose>
		<truncated>0</truncated>
		<difficult>0</difficult>
		<bndbox>
			<xmin>3</xmin>
			<ymin>127</ymin>
			<xmax>451</xmax>
			<ymax>452</ymax>
		</bndbox>
	</object>
</annotation>
