<annotation>
	<folder>train_images</folder>
	<filename>12.jpg</filename>
	<path>C:\Users\ADMIN\Desktop\dark\train_images\12.jpg</path>
	<source>
		<database>Unknown</database>
	</source>
	<size>
		<width>1024</width>
		<height>768</height>
		<depth>3</depth>
	</size>
	<segmented>0</segmented>
	<object>
		<name>ambulance2</name>
		<pose>Unspecified</pose>
		<truncated>0</truncated>
		<difficult>0</difficult>
		<bndbox>
			<xmin>66</xmin>
			<ymin>185</ymin>
			<xmax>599</xmax>
			<ymax>542</ymax>
		</bndbox>
	</object>
</annotation>
