<annotation>
	<folder>train_images</folder>
	<filename>13.jpg</filename>
	<path>C:\Users\ADMIN\Desktop\dark\train_images\13.jpg</path>
	<source>
		<database>Unknown</database>
	</source>
	<size>
		<width>1200</width>
		<height>900</height>
		<depth>3</depth>
	</size>
	<segmented>0</segmented>
	<object>
		<name>ambulance2</name>
		<pose>Unspecified</pose>
		<truncated>0</truncated>
		<difficult>0</difficult>
		<bndbox>
			<xmin>12</xmin>
			<ymin>469</ymin>
			<xmax>355</xmax>
			<ymax>804</ymax>
		</bndbox>
	</object>
	<object>
		<name>ambulance2</name>
		<pose>Unspecified</pose>
		<truncated>0</truncated>
		<difficult>0</difficult>
		<bndbox>
			<xmin>111</xmin>
			<ymin>328</ymin>
			<xmax>496</xmax>
			<ymax>533</ymax>
		</bndbox>
	</object>
	<object>
		<name>ambulance2</name>
		<pose>Unspecified</pose>
		<truncated>0</truncated>
		<difficult>0</difficult>
		<bndbox>
			<xmin>385</xmin>
			<ymin>504</ymin>
			<xmax>656</xmax>
			<ymax>834</ymax>
		</bndbox>
	</object>
	<object>
		<name>ambulance2</name>
		<pose>Unspecified</pose>
		<truncated>0</truncated>
		<difficult>0</difficult>
		<bndbox>
			<xmin>599</xmin>
			<ymin>338</ymin>
			<xmax>918</xmax>
			<ymax>803</ymax>
		</bndbox>
	</object>
</annotation>
