<annotation>
	<folder>train_images</folder>
	<filename>14.jpg</filename>
	<path>C:\Users\ADMIN\Desktop\dark\train_images\14.jpg</path>
	<source>
		<database>Unknown</database>
	</source>
	<size>
		<width>800</width>
		<height>800</height>
		<depth>3</depth>
	</size>
	<segmented>0</segmented>
	<object>
		<name>ambulance2</name>
		<pose>Unspecified</pose>
		<truncated>0</truncated>
		<difficult>0</difficult>
		<bndbox>
			<xmin>156</xmin>
			<ymin>83</ymin>
			<xmax>668</xmax>
			<ymax>702</ymax>
		</bndbox>
	</object>
</annotation>
