<annotation>
	<folder>train_images</folder>
	<filename>16.jpg</filename>
	<path>C:\Users\ADMIN\Desktop\dark\train_images\16.jpg</path>
	<source>
		<database>Unknown</database>
	</source>
	<size>
		<width>640</width>
		<height>467</height>
		<depth>3</depth>
	</size>
	<segmented>0</segmented>
	<object>
		<name>ambulance3</name>
		<pose>Unspecified</pose>
		<truncated>0</truncated>
		<difficult>0</difficult>
		<bndbox>
			<xmin>162</xmin>
			<ymin>117</ymin>
			<xmax>499</xmax>
			<ymax>368</ymax>
		</bndbox>
	</object>
</annotation>
