<annotation>
	<folder>train_images</folder>
	<filename>17.png</filename>
	<path>C:\Users\ADMIN\Desktop\dark\train_images\17.png</path>
	<source>
		<database>Unknown</database>
	</source>
	<size>
		<width>725</width>
		<height>395</height>
		<depth>3</depth>
	</size>
	<segmented>0</segmented>
	<object>
		<name>ambulance3</name>
		<pose>Unspecified</pose>
		<truncated>0</truncated>
		<difficult>0</difficult>
		<bndbox>
			<xmin>327</xmin>
			<ymin>161</ymin>
			<xmax>405</xmax>
			<ymax>292</ymax>
		</bndbox>
	</object>
</annotation>
