<annotation>
	<folder>train_images</folder>
	<filename>18.jpg</filename>
	<path>C:\Users\ADMIN\Desktop\dark\train_images\18.jpg</path>
	<source>
		<database>Unknown</database>
	</source>
	<size>
		<width>400</width>
		<height>225</height>
		<depth>3</depth>
	</size>
	<segmented>0</segmented>
	<object>
		<name>ambulance3</name>
		<pose>Unspecified</pose>
		<truncated>0</truncated>
		<difficult>0</difficult>
		<bndbox>
			<xmin>203</xmin>
			<ymin>67</ymin>
			<xmax>261</xmax>
			<ymax>143</ymax>
		</bndbox>
	</object>
</annotation>
