<annotation>
	<folder>train_images</folder>
	<filename>19.jpg</filename>
	<path>C:\Users\ADMIN\Desktop\dark\train_images\19.jpg</path>
	<source>
		<database>Unknown</database>
	</source>
	<size>
		<width>1140</width>
		<height>500</height>
		<depth>3</depth>
	</size>
	<segmented>0</segmented>
	<object>
		<name>ambulance2</name>
		<pose>Unspecified</pose>
		<truncated>0</truncated>
		<difficult>0</difficult>
		<bndbox>
			<xmin>220</xmin>
			<ymin>67</ymin>
			<xmax>619</xmax>
			<ymax>258</ymax>
		</bndbox>
	</object>
</annotation>
