<annotation>
	<folder>train_images</folder>
	<filename>2.jpg</filename>
	<path>C:\Users\ADMIN\Desktop\dark\train_images\2.jpg</path>
	<source>
		<database>Unknown</database>
	</source>
	<size>
		<width>570</width>
		<height>400</height>
		<depth>3</depth>
	</size>
	<segmented>0</segmented>
	<object>
		<name>ambulance1</name>
		<pose>Unspecified</pose>
		<truncated>0</truncated>
		<difficult>0</difficult>
		<bndbox>
			<xmin>119</xmin>
			<ymin>22</ymin>
			<xmax>447</xmax>
			<ymax>369</ymax>
		</bndbox>
	</object>
</annotation>
