<annotation>
	<folder>train_images</folder>
	<filename>20.jpg</filename>
	<path>C:\Users\ADMIN\Desktop\dark\train_images\20.jpg</path>
	<source>
		<database>Unknown</database>
	</source>
	<size>
		<width>650</width>
		<height>450</height>
		<depth>3</depth>
	</size>
	<segmented>0</segmented>
	<object>
		<name>ambulance2</name>
		<pose>Unspecified</pose>
		<truncated>0</truncated>
		<difficult>0</difficult>
		<bndbox>
			<xmin>136</xmin>
			<ymin>151</ymin>
			<xmax>521</xmax>
			<ymax>401</ymax>
		</bndbox>
	</object>
</annotation>
