<annotation>
	<folder>train_images</folder>
	<filename>21.jpg</filename>
	<path>C:\Users\ADMIN\Desktop\dark\train_images\21.jpg</path>
	<source>
		<database>Unknown</database>
	</source>
	<size>
		<width>1600</width>
		<height>861</height>
		<depth>3</depth>
	</size>
	<segmented>0</segmented>
	<object>
		<name>ambulance3</name>
		<pose>Unspecified</pose>
		<truncated>0</truncated>
		<difficult>0</difficult>
		<bndbox>
			<xmin>814</xmin>
			<ymin>188</ymin>
			<xmax>1585</xmax>
			<ymax>646</ymax>
		</bndbox>
	</object>
</annotation>
