<annotation>
	<folder>train_images</folder>
	<filename>3.jpeg</filename>
	<path>C:\Users\ADMIN\Desktop\dark\train_images\3.jpeg</path>
	<source>
		<database>Unknown</database>
	</source>
	<size>
		<width>1200</width>
		<height>900</height>
		<depth>3</depth>
	</size>
	<segmented>0</segmented>
	<object>
		<name>ambulance1</name>
		<pose>Unspecified</pose>
		<truncated>0</truncated>
		<difficult>0</difficult>
		<bndbox>
			<xmin>99</xmin>
			<ymin>70</ymin>
			<xmax>1094</xmax>
			<ymax>838</ymax>
		</bndbox>
	</object>
</annotation>
