<annotation>
	<folder>train_images</folder>
	<filename>5.jpg</filename>
	<path>C:\Users\ADMIN\Desktop\dark\train_images\5.jpg</path>
	<source>
		<database>Unknown</database>
	</source>
	<size>
		<width>2560</width>
		<height>1440</height>
		<depth>3</depth>
	</size>
	<segmented>0</segmented>
	<object>
		<name>ambulance2</name>
		<pose>Unspecified</pose>
		<truncated>0</truncated>
		<difficult>0</difficult>
		<bndbox>
			<xmin>187</xmin>
			<ymin>256</ymin>
			<xmax>1474</xmax>
			<ymax>1094</ymax>
		</bndbox>
	</object>
</annotation>
