<annotation>
	<folder>train_images</folder>
	<filename>6.jpg</filename>
	<path>C:\Users\ADMIN\Desktop\dark\train_images\6.jpg</path>
	<source>
		<database>Unknown</database>
	</source>
	<size>
		<width>1300</width>
		<height>953</height>
		<depth>3</depth>
	</size>
	<segmented>0</segmented>
	<object>
		<name>ambulance3</name>
		<pose>Unspecified</pose>
		<truncated>0</truncated>
		<difficult>0</difficult>
		<bndbox>
			<xmin>260</xmin>
			<ymin>253</ymin>
			<xmax>1221</xmax>
			<ymax>639</ymax>
		</bndbox>
	</object>
</annotation>
