<annotation>
	<folder>train_images</folder>
	<filename>7.jpg</filename>
	<path>C:\Users\ADMIN\Desktop\dark\train_images\7.jpg</path>
	<source>
		<database>Unknown</database>
	</source>
	<size>
		<width>1280</width>
		<height>600</height>
		<depth>3</depth>
	</size>
	<segmented>0</segmented>
	<object>
		<name>ambulance2</name>
		<pose>Unspecified</pose>
		<truncated>0</truncated>
		<difficult>0</difficult>
		<bndbox>
			<xmin>553</xmin>
			<ymin>115</ymin>
			<xmax>888</xmax>
			<ymax>471</ymax>
		</bndbox>
	</object>
</annotation>
