<annotation>
	<folder>train_images</folder>
	<filename>8.jpg</filename>
	<path>C:\Users\ADMIN\Desktop\dark\train_images\8.jpg</path>
	<source>
		<database>Unknown</database>
	</source>
	<size>
		<width>636</width>
		<height>390</height>
		<depth>3</depth>
	</size>
	<segmented>0</segmented>
	<object>
		<name>ambulance2</name>
		<pose>Unspecified</pose>
		<truncated>0</truncated>
		<difficult>0</difficult>
		<bndbox>
			<xmin>225</xmin>
			<ymin>57</ymin>
			<xmax>627</xmax>
			<ymax>371</ymax>
		</bndbox>
	</object>
</annotation>
